All 90 Redirect URLs from GSC — Categorized,,,,,
#,URL,Last Crawled,Problem Category,Redirects To,Fix
1,http://www.impulse-english.es/,Apr 2,HTTP → HTTPS,https://impulse-english.es/,Working correctly. Update external links.
2,https://www.impulse-english.es/,Mar 28,www → non-www,https://impulse-english.es/,Working correctly. Update external links.
3,http://impulse-english.es/,Mar 25,HTTP → HTTPS,https://impulse-english.es/,Working correctly. Update external links.
4,http://www.impulse-english.es/?trk=public_post_main-feed-card-text,Nov 2025,LinkedIn tracking param,https://impulse-english.es/,No fix needed — expected behavior
5,https://www.impulse-english.es/?trk=public_post_main-feed-card-text,Nov 2025,LinkedIn tracking param,https://impulse-english.es/,No fix needed — expected behavior
6,https://impulse-english.es/blogs-impulse/,Jan 3,Old URL slug,https://impulse-english.es/blog/,Redirect working. Leave as-is.
7,https://impulse-english.es/blog-3/,Mar 22,Old URL slug,https://impulse-english.es/blog/,Redirect working. Leave as-is.
8,https://impulse-english.es/academia-ingles-barrio-del-pilar,Mar 21-26,Missing trailing slash,https://impulse-english.es/academia-ingles-barrio-del-pilar/,Add trailing slash to internal link
9,https://impulse-english.es/politica-cookies,Mar 21-26,Missing trailing slash,https://impulse-english.es/politica-cookies/,Add trailing slash to internal link
10,https://impulse-english.es/linguaskill,Mar 21-26,Missing trailing slash,https://impulse-english.es/linguaskill/,Add trailing slash to internal link
11,https://impulse-english.es/academia-ingles-montecarmelo-las-tablas,Mar 21-26,Missing trailing slash,https://impulse-english.es/academia-ingles-montecarmelo-las-tablas/,Add trailing slash to internal link
12,https://impulse-english.es/academia-ingles-mirasierra,Mar 21-26,Missing trailing slash,https://impulse-english.es/academia-ingles-mirasierra/,Add trailing slash to internal link
13,https://impulse-english.es/academia-ingles-la-vaguada,Mar 21-26,Missing trailing slash,https://impulse-english.es/academia-ingles-la-vaguada/,Add trailing slash to internal link
14,https://impulse-english.es/blog/ingles-online-vs-presencial,Mar 21-26,Missing trailing slash,https://impulse-english.es/blog/ingles-online-vs-presencial/,Add trailing slash to internal link
15,https://impulse-english.es/blog/academia-vs-profesor-particular,Mar 21-26,Missing trailing slash,https://impulse-english.es/blog/academia-vs-profesor-particular/,Add trailing slash to internal link
16,https://impulse-english.es/linguaskill/precios-fechas,Mar 21-26,Missing trailing slash,https://impulse-english.es/linguaskill/precios-fechas/,Add trailing slash to internal link
17,https://impulse-english.es/cursos-ingles/particulares,Mar 21-26,Missing trailing slash,https://impulse-english.es/cursos-ingles/particulares/,Add trailing slash to internal link
18,https://impulse-english.es/blog/cambridge-vs-linguaskill-diferencias,Mar 21-26,Missing trailing slash,https://impulse-english.es/blog/cambridge-vs-linguaskill-diferencias/,Add trailing slash to internal link
19,https://impulse-english.es/cursos-ingles/secundaria,Mar 21-26,Missing trailing slash,https://impulse-english.es/cursos-ingles/secundaria/,Add trailing slash to internal link
20,https://impulse-english.es/blog/registro-cambridge,Mar 21-26,Missing trailing slash,https://impulse-english.es/blog/registro-cambridge/,Add trailing slash to internal link
21,https://impulse-english.es/blog/edad-empezar-ingles-bebes,Mar 21-26,Missing trailing slash,https://impulse-english.es/blog/edad-empezar-ingles-bebes/,Add trailing slash to internal link
22,https://impulse-english.es/linguaskill/curso-intensivo,Mar 21-26,Missing trailing slash,https://impulse-english.es/linguaskill/curso-intensivo/,Add trailing slash to internal link
23,https://impulse-english.es/blog/c1-advanced-caduca,Mar 21-26,Missing trailing slash,https://impulse-english.es/blog/c1-advanced-caduca/,Add trailing slash to internal link
24,https://impulse-english.es/blog/b1-vs-b2-que-nivel-necesito,Mar 21-26,Missing trailing slash,https://impulse-english.es/blog/b1-vs-b2-que-nivel-necesito/,Add trailing slash to internal link
25,https://impulse-english.es/blog/hijo-preparar-cambridge,Mar 21-26,Missing trailing slash,https://impulse-english.es/blog/hijo-preparar-cambridge/,Add trailing slash to internal link
26,https://impulse-english.es/blog/ingles-colegio-suficiente,Mar 21-26,Missing trailing slash,https://impulse-english.es/blog/ingles-colegio-suficiente/,Add trailing slash to internal link
27,https://impulse-english.es/blog/verguenza-hablar-ingles,Mar 21-26,Missing trailing slash,https://impulse-english.es/blog/verguenza-hablar-ingles/,Add trailing slash to internal link
28,https://impulse-english.es/blog/great-little-people-metodologia,Mar 21-26,Missing trailing slash,https://impulse-english.es/blog/great-little-people-metodologia/,Add trailing slash to internal link
29,https://impulse-english.es/blog/ninos-confusion-dos-idiomas,Mar 21-26,Missing trailing slash,https://impulse-english.es/blog/ninos-confusion-dos-idiomas/,Add trailing slash to internal link
30,https://impulse-english.es/blog/linguaskill-casa-fiable,Mar 21-26,Missing trailing slash,https://impulse-english.es/blog/linguaskill-casa-fiable/,Add trailing slash to internal link
31,https://impulse-english.es/blog/linguaskill-reconocimiento-internacional,Mar 21-26,Missing trailing slash,https://impulse-english.es/blog/linguaskill-reconocimiento-internacional/,Add trailing slash to internal link
32,https://impulse-english.es/blog/clases-particulares-vs-academia,Mar 21-26,Missing trailing slash,https://impulse-english.es/blog/clases-particulares-vs-academia/,Add trailing slash to internal link
33,https://impulse-english.es/blog/linguaskill-online-casa,Mar 21-26,Missing trailing slash,https://impulse-english.es/blog/linguaskill-online-casa/,Add trailing slash to internal link
34,https://impulse-english.es/blog/no-entiendo-ingles-hablado,Mar 21-26,Missing trailing slash,https://impulse-english.es/blog/no-entiendo-ingles-hablado/,Add trailing slash to internal link
35,https://impulse-english.es/blog/motivar-hijo-ingles,Mar 21-26,Missing trailing slash,https://impulse-english.es/blog/motivar-hijo-ingles/,Add trailing slash to internal link
36,https://impulse-english.es/blog/cuantas-veces-b2-first,Mar 21-26,Missing trailing slash,https://impulse-english.es/blog/cuantas-veces-b2-first/,Add trailing slash to internal link
37,https://impulse-english.es/blog/opiniones-linguaskill,Mar 21-26,Missing trailing slash,https://impulse-english.es/blog/opiniones-linguaskill/,Add trailing slash to internal link
38,https://impulse-english.es/blog/preparar-b2-first-3-meses,Mar 21-26,Missing trailing slash,https://impulse-english.es/blog/preparar-b2-first-3-meses/,Add trailing slash to internal link
39,https://impulse-english.es/blog/mejorar-speaking-ingles,Mar 21-26,Missing trailing slash,https://impulse-english.es/blog/mejorar-speaking-ingles/,Add trailing slash to internal link
40,https://impulse-english.es/blog/tiempo-preparacion-b2-first,Mar 21-26,Missing trailing slash,https://impulse-english.es/blog/tiempo-preparacion-b2-first/,Add trailing slash to internal link
41,https://impulse-english.es/blog/cambridge-b2-beneficios,Mar 21-26,Missing trailing slash,https://impulse-english.es/blog/cambridge-b2-beneficios/,Add trailing slash to internal link
42,https://impulse-english.es/blog/precio-cambridge-c1-madrid,Mar 21-26,Missing trailing slash,https://impulse-english.es/blog/precio-cambridge-c1-madrid/,Add trailing slash to internal link
43,https://impulse-english.es/blog/linguaskill-vs-aptis,Mar 21-26,Missing trailing slash,https://impulse-english.es/blog/linguaskill-vs-aptis/,Add trailing slash to internal link
44,https://impulse-english.es/blog/ingles-presencial-vs-online,Mar 21-26,Missing trailing slash,https://impulse-english.es/blog/ingles-presencial-vs-online/,Add trailing slash to internal link
45,https://impulse-english.es/blog/tiempo-b2-a-c1,Mar 21-26,Missing trailing slash,https://impulse-english.es/blog/tiempo-b2-a-c1/,Add trailing slash to internal link
46,https://impulse-english.es/blog/examenes-cambridge-guia,Mar 21-26,Missing trailing slash,https://impulse-english.es/blog/examenes-cambridge-guia/,Add trailing slash to internal link
47,https://impulse-english.es/blog/precio-linguaskill-reservar,Mar 21-26,Missing trailing slash,https://impulse-english.es/blog/precio-linguaskill-reservar/,Add trailing slash to internal link
48,https://impulse-english.es/blog/pensar-ingles-no-traducir,Mar 21-26,Missing trailing slash,https://impulse-english.es/blog/pensar-ingles-no-traducir/,Add trailing slash to internal link
49,https://impulse-english.es/blog/b1-suficiente-trabajar,Mar 21-26,Missing trailing slash,https://impulse-english.es/blog/b1-suficiente-trabajar/,Add trailing slash to internal link
50,https://impulse-english.es/blog/es-dificil-c1-advanced,Mar 21-26,Missing trailing slash,https://impulse-english.es/blog/es-dificil-c1-advanced/,Add trailing slash to internal link
51,https://impulse-english.es/blog/ejercicios-b2-cambridge,Mar 21-26,Missing trailing slash,https://impulse-english.es/blog/ejercicios-b2-cambridge/,Add trailing slash to internal link
52,https://impulse-english.es/blog/diferencia-b2-c1,Mar 21-26,Missing trailing slash,https://impulse-english.es/blog/diferencia-b2-c1/,Add trailing slash to internal link
53,https://impulse-english.es/blog/b1-universidad-espana,Mar 21-26,Missing trailing slash,https://impulse-english.es/blog/b1-universidad-espana/,Add trailing slash to internal link
54,https://impulse-english.es/blog/hijo-no-avanza-ingles,Mar 21-26,Missing trailing slash,https://impulse-english.es/blog/hijo-no-avanza-ingles/,Add trailing slash to internal link
55,https://impulse-english.es/blog/ingles-entrevistas-trabajo,Mar 21-26,Missing trailing slash,https://impulse-english.es/blog/ingles-entrevistas-trabajo/,Add trailing slash to internal link
56,https://impulse-english.es/blog/mejores-academias-madrid,Mar 21-26,Missing trailing slash,https://impulse-english.es/blog/mejores-academias-madrid/,Add trailing slash to internal link
57,https://impulse-english.es/blog/cambridge-vs-ielts-espana,Mar 21-26,Missing trailing slash,https://impulse-english.es/blog/cambridge-vs-ielts-espana/,Add trailing slash to internal link
58,https://impulse-english.es/blog/certificado-linguaskill,Mar 21-26,Missing trailing slash,https://impulse-english.es/blog/certificado-linguaskill/,Add trailing slash to internal link
59,https://impulse-english.es/blog/cuanto-tiempo-aprender-ingles,Mar 21-26,Missing trailing slash,https://impulse-english.es/blog/cuanto-tiempo-aprender-ingles/,Add trailing slash to internal link
60,https://impulse-english.es/blog/por-que-no-avanzo-ingles,Mar 21-26,Missing trailing slash,https://impulse-english.es/blog/por-que-no-avanzo-ingles/,Add trailing slash to internal link
61,https://impulse-english.es/blog/precio-b1-cambridge,Mar 21-26,Missing trailing slash,https://impulse-english.es/blog/precio-b1-cambridge/,Add trailing slash to internal link
62,https://impulse-english.es/blog/ingles-jugando-funciona,Mar 21-26,Missing trailing slash,https://impulse-english.es/blog/ingles-jugando-funciona/,Add trailing slash to internal link
63,https://impulse-english.es/blog/tiempo-preparar-b1-cero,Mar 21-26,Missing trailing slash,https://impulse-english.es/blog/tiempo-preparar-b1-cero/,Add trailing slash to internal link
64,https://impulse-english.es/blog/cambridge-b1-guia,Mar 21-26,Missing trailing slash,https://impulse-english.es/blog/cambridge-b1-guia/,Add trailing slash to internal link
65,https://impulse-english.es/blog/nivel-ingles-empresas,Mar 21-26,Missing trailing slash,https://impulse-english.es/blog/nivel-ingles-empresas/,Add trailing slash to internal link
66,https://impulse-english.es/blog/linguaskill-vs-cambridge-dificultad,Mar 21-26,Missing trailing slash,https://impulse-english.es/blog/linguaskill-vs-cambridge-dificultad/,Add trailing slash to internal link
67,https://impulse-english.es/blog/mejor-metodo-ingles-ninos,Mar 21-26,Missing trailing slash,https://impulse-english.es/blog/mejor-metodo-ingles-ninos/,Add trailing slash to internal link
68,https://impulse-english.es/blog/examen-cae-cambridge,Mar 21-26,Missing trailing slash,https://impulse-english.es/blog/examen-cae-cambridge/,Add trailing slash to internal link
69,https://impulse-english.es/blog/nota-aprobar-b2-first,Mar 21-26,Missing trailing slash,https://impulse-english.es/blog/nota-aprobar-b2-first/,Add trailing slash to internal link
70,https://impulse-english.es/blog/trabajos-piden-c1-ingles,Mar 21-26,Missing trailing slash,https://impulse-english.es/blog/trabajos-piden-c1-ingles/,Add trailing slash to internal link
71,https://impulse-english.es/blog/perder-miedo-hablar-ingles,Mar 21-26,Missing trailing slash,https://impulse-english.es/blog/perder-miedo-hablar-ingles/,Add trailing slash to internal link
72,https://impulse-english.es/linguaskill/ejemplo-examen,Mar 21-26,Missing trailing slash,https://impulse-english.es/linguaskill/ejemplo-examen/,Add trailing slash to internal link
73,https://impulse-english.es/blog/validez-certificado-b2-cambridge,Mar 21-26,Missing trailing slash,https://impulse-english.es/blog/validez-certificado-b2-cambridge/,Add trailing slash to internal link
74,https://impulse-english.es/blog/precio-linguaskill-online,Mar 21-26,Missing trailing slash,https://impulse-english.es/blog/precio-linguaskill-online/,Add trailing slash to internal link
75,https://impulse-english.es/blog/vale-pena-c1-espana,Mar 21-26,Missing trailing slash,https://impulse-english.es/blog/vale-pena-c1-espana/,Add trailing slash to internal link
76,https://impulse-english.es/blog/entiendo-ingles-no-hablo,Mar 21-26,Missing trailing slash,https://impulse-english.es/blog/entiendo-ingles-no-hablo/,Add trailing slash to internal link
77,https://impulse-english.es/blog/es-dificil-b2-first,Mar 21-26,Missing trailing slash,https://impulse-english.es/blog/es-dificil-b2-first/,Add trailing slash to internal link
78,https://impulse-english.es/blog/ninos-aprender-ingles-pequenos,Mar 21-26,Missing trailing slash,https://impulse-english.es/blog/ninos-aprender-ingles-pequenos/,Add trailing slash to internal link
79,https://impulse-english.es/examenes-cambridge/centros-madrid,Mar 21-26,Missing trailing slash,https://impulse-english.es/examenes-cambridge/centros-madrid/,Add trailing slash to internal link
80,https://impulse-english.es/aprende-ingles,Mar 21-26,Missing trailing slash,https://impulse-english.es/aprende-ingles/,Add trailing slash to internal link
81,https://impulse-english.es/blog/linguaskill-oposiciones-validez,Mar 21-26,Missing trailing slash,https://impulse-english.es/blog/linguaskill-oposiciones-validez/,Add trailing slash to internal link
82,https://impulse-english.es/blog/recursos-pdf-linguaskill,Mar 21-26,Missing trailing slash,https://impulse-english.es/blog/recursos-pdf-linguaskill/,Add trailing slash to internal link
83,https://impulse-english.es/blog/centros-linguaskill,Mar 21-26,Missing trailing slash,https://impulse-english.es/blog/centros-linguaskill/,Add trailing slash to internal link
84,https://impulse-english.es/blog/libros-cambridge-recursos,Mar 21-26,Missing trailing slash,https://impulse-english.es/blog/libros-cambridge-recursos/,Add trailing slash to internal link
85,https://impulse-english.es/blog/registro-linguaskill,Mar 21-26,Missing trailing slash,https://impulse-english.es/blog/registro-linguaskill/,Add trailing slash to internal link
86,https://impulse-english.es/examenes-cambridge/b1-preliminary,Mar 21-26,Missing trailing slash,https://impulse-english.es/examenes-cambridge/b1-preliminary/,Add trailing slash to internal link
87,https://impulse-english.es/academia-ingles-la-paz,Mar 21-26,Missing trailing slash,https://impulse-english.es/academia-ingles-la-paz/,Add trailing slash to internal link
88,https://impulse-english.es/academia-ingles-cuatro-torres,Mar 21-26,Missing trailing slash,https://impulse-english.es/academia-ingles-cuatro-torres/,Add trailing slash to internal link
89,https://impulse-english.es/academia-ingles-plaza-castilla,Mar 21-26,Missing trailing slash,https://impulse-english.es/academia-ingles-plaza-castilla/,Add trailing slash to internal link
90,https://impulse-english.es/preguntas-frecuentes,Mar 21-26,Missing trailing slash,https://impulse-english.es/preguntas-frecuentes/,Add trailing slash to internal link