#,Keyword,Page Title (ES — copy exacto),URL Slug,Target Keyword,Secondary Keywords,Main Questions to Answer,Word Count,Internal Links,CTA (ES — copy exacto),Priority
1,academia de inglés madrid,Academia de Inglés en Madrid | Impulse English Academy — Barrio del Pilar,/academia-ingles-madrid/,academia de inglés madrid,"academia inglés, academias de inglés en madrid, escuelas de inglés madrid",¿Cuál es la mejor academia de inglés en Madrid? ¿Qué metodología usan? ¿Tienen profesores nativos? ¿Preparan para Cambridge?,"1,500+","/cursos/, /examenes-cambridge/, /sobre-nosotros/, /contacto/",Reserva tu clase de prueba gratis — sin compromiso,CRITICAL
2,cursos de inglés madrid,Cursos de Inglés en Madrid | Todos los Niveles A1-C2 — Impulse English,/cursos-ingles-madrid/,cursos de inglés madrid,"cursos inglés en madrid, cursos inglés madrid precios, curso de inglés madrid",¿Qué tipos de cursos ofrecen? ¿Cuánto cuestan? ¿Cuándo empiezan? ¿Qué niveles hay?,"1,500+","/cursos/adultos/, /cursos/ninos/, /cursos/intensivos/, /precios/",Elige tu curso — primera clase gratis,CRITICAL
3,clases de inglés madrid,Clases de Inglés en Madrid | Grupos Reducidos con Nativos — Impulse,/clases-ingles-madrid/,clases de inglés en madrid,"clases inglés madrid, clases particulares inglés madrid, clase de inglés madrid",¿Cuántos alumnos por grupo? ¿Ofrecen clases particulares? ¿Cuál es el horario? ¿Qué niveles tienen?,"1,200+","/cursos/, /horarios/, /precios/, /contacto/",Reserva tu plaza — grupos de máximo 8 alumnos,CRITICAL
4,academia inglés cerca de mí,"Academia de Inglés Cerca de Ti | Barrio del Pilar, Madrid Norte",/academia-ingles-cerca/,academia inglés cerca de mí,"academia inglés barrio del pilar, inglés La Vaguada, inglés madrid norte",¿Dónde estáis? ¿Cómo llego en metro/bus? ¿Hay parking? ¿Estáis cerca de La Vaguada?,800+,"/, /contacto/, /horarios/",Estamos a 2 minutos del metro Barrio del Pilar — visítanos,CRITICAL
5,clases inglés online,Clases de Inglés Online en Directo | Profesores Nativos — Impulse,/clases-ingles-online/,clases inglés online,"academia inglés online, cursos inglés online, inglés online con nativos",¿Las clases online son en directo? ¿Qué plataforma usan? ¿Son tan efectivas como presenciales?,"1,000+","/cursos/, /precios/, /metodologia/",Prueba una clase online gratis — desde cualquier lugar,HIGH
6,inglés para empresas madrid,Inglés para Empresas en Madrid | Formación In-Company — Impulse English,/ingles-empresas-madrid/,inglés para empresas madrid,"formación inglés empresas, clases inglés empresa madrid, business english madrid",¿Ofrecen formación in-company? ¿Se adaptan a nuestro sector? ¿Qué resultados consiguen?,"1,200+","/cursos/empresas/, /contacto/, /sobre-nosotros/",Solicita presupuesto sin compromiso para tu empresa,HIGH
7,clases inglés niños madrid,Clases de Inglés para Niños en Madrid | Desde 3 Años — Impulse English,/ingles-ninos-madrid/,clases inglés niños madrid,"academia inglés niños, inglés infantil madrid, extraescolar inglés madrid",¿Desde qué edad? ¿Cuál es la metodología para niños? ¿Preparan exámenes Young Learners?,"1,000+","/cursos/ninos/, /horarios/, /precios/",Apúntale a una clase de prueba gratis — plazas limitadas,HIGH
8,intensivo inglés madrid,Cursos Intensivos de Inglés en Madrid | 1-3 Meses — Impulse English,/curso-intensivo-ingles-madrid/,intensivo inglés madrid,"curso intensivo inglés, inglés intensivo verano madrid, intensivo inglés adultos",¿Cuántas horas al día? ¿En cuánto tiempo subo de nivel? ¿Hay intensivos de verano?,"1,200+","/cursos/intensivos/, /precios/, /horarios/",Reserva tu intensivo — plazas limitadas,HIGH
9,IELTS madrid,Preparación IELTS en Madrid | Cursos con Nativos — Impulse English,/preparacion-ielts-madrid/,IELTS madrid,"preparación IELTS, curso IELTS madrid, IELTS academic madrid",¿Ofrecen preparación IELTS? ¿Academic o General? ¿Cuánto dura el curso? ¿Qué nota consiguen los alumnos?,"1,200+","/examenes-cambridge/, /precios/, /contacto/",Empieza tu preparación IELTS — primera clase gratis,HIGH
10,conversación inglés madrid,Clases de Conversación en Inglés en Madrid | Practica con Nativos,/clases-conversacion-ingles/,conversación inglés madrid,"speaking inglés madrid, práctica oral inglés, conversation club madrid",¿Cómo son las clases de conversación? ¿Cuántos por grupo? ¿Qué temas se tratan?,"1,000+","/cursos/, /horarios/, /precios/",Únete al próximo grupo de conversación — plazas limitadas,HIGH
11,exámenes cambridge madrid,"Exámenes Cambridge en Madrid 2026 | Fechas, Precios y Preparación",/examenes-cambridge-madrid-2026/,exámenes cambridge madrid,"fechas cambridge madrid, centro examinador cambridge, preparación cambridge madrid",¿Cuándo son los exámenes? ¿Cuánto cuestan? ¿Dónde me examino? ¿Cómo me preparo?,"1,500+","/examenes-cambridge/b2-first/, /examenes-cambridge/c1-advanced/, /examenes-cambridge/fechas-precios/",Prepárate con nosotros — tasa de aprobados del 90%,HIGH
12,academia inglés madrid norte,Mejor Academia de Inglés en Madrid Norte | Barrio del Pilar — Impulse,/academia-ingles-madrid-norte/,academia inglés madrid norte,"inglés madrid norte, academia barrio del pilar, inglés zona norte madrid",¿Cuál es la mejor academia de Madrid Norte? ¿Qué ofrecen? ¿Tienen resultados?,"1,000+","/, /sobre-nosotros/, /examenes-cambridge/, /contacto/",Estamos en tu barrio — ven a conocernos,HIGH
13,aprender inglés madrid,Aprender Inglés en Madrid: La Guía Definitiva 2026,/blog/aprender-ingles-madrid-guia/,aprender inglés madrid,"estudiar inglés madrid, dónde aprender inglés madrid, aprender inglés rápido",¿Cuál es la mejor forma de aprender inglés en Madrid? ¿Academia o autodidacta? ¿Cuánto cuesta? ¿Cuánto tiempo necesito?,"2,000+","/cursos/, /precios/, /blog/cuanto-tiempo-aprender-ingles/",Empieza gratis — clase de prueba en Impulse,MEDIUM
14,nivel b2 inglés qué es,"Nivel B2 de Inglés: Qué Es, Para Qué Sirve y Cómo Conseguirlo",/blog/nivel-b2-ingles/,nivel B2 inglés,"qué es B2, B2 inglés para qué sirve, B2 equivalencia",¿Qué significa nivel B2? ¿Qué puedo hacer con un B2? ¿Lo necesito para trabajar? ¿Cómo lo consigo?,"1,500+","/examenes-cambridge/b2-first/, /blog/nota-aprobar-b2/, /cursos/",Descubre tu nivel gratis — haz nuestro test online,MEDIUM
15,cambridge b2 precio 2026,Precio Examen B2 First Cambridge 2026 | Guía Actualizada,/blog/precio-b2-first-cambridge-2026/,cambridge B2 precio,"precio examen B2, cuánto cuesta B2 cambridge, B2 first precio 2026",¿Cuánto cuesta el examen B2? ¿Y la preparación? ¿Se puede pagar a plazos? ¿Hay descuentos?,"1,000+","/examenes-cambridge/b2-first/, /examenes-cambridge/fechas-precios/, /precios/",Consulta nuestros precios — preparación B2 desde [precio]/mes,MEDIUM
16,diferencia ielts cambridge,IELTS vs Cambridge: ¿Cuál Elegir? Diferencias Clave en 2026,/blog/ielts-vs-cambridge-diferencias/,diferencia IELTS cambridge,"IELTS o cambridge, qué examen de inglés elegir, IELTS vs FCE",¿Cuál es mejor? ¿Cuál caduca? ¿Cuál es más fácil? ¿Cuál piden más las empresas/universidades?,"1,500+","/examenes-cambridge/, /preparacion-ielts/, /blog/el-first-caduca/",¿No sabes cuál elegir? Te asesoramos gratis,MEDIUM
17,cómo aprobar b2 cambridge,Cómo Aprobar el B2 First Cambridge a la Primera | 10 Consejos Probados,/blog/como-aprobar-b2-first-cambridge/,cómo aprobar B2 cambridge,"consejos B2 cambridge, trucos B2 first, preparar B2 por libre",¿Es difícil el B2? ¿Cuánto tiempo necesito? ¿Puedo prepararme solo? ¿Cuáles son las partes más difíciles?,"2,000+","/examenes-cambridge/b2-first/, /blog/nota-aprobar-b2/, /cursos/",¿Quieres aprobarlo a la primera? Descubre nuestra preparación B2,MEDIUM
18,inglés para trabajar nivel,¿Qué Nivel de Inglés Necesitas para Trabajar? Guía por Sector 2026,/blog/nivel-ingles-para-trabajar/,nivel inglés para trabajar,"inglés necesario para trabajar, qué nivel piden empresas, B1 o B2 para trabajo",¿Qué nivel piden las empresas? ¿B1 es suficiente? ¿Qué sectores necesitan más inglés?,"1,500+","/cursos/, /ingles-empresas/, /examenes-cambridge/",Consigue el nivel que necesitas — clase de prueba gratis,LOW
19,certificado inglés oficial,Certificados Oficiales de Inglés: Cuál Elegir y Dónde Sacarlo en Madrid,/blog/certificados-oficiales-ingles/,certificado inglés oficial,"títulos oficiales inglés, certificado B2 oficial, qué certificados de inglés existen",¿Cuáles son los certificados oficiales? ¿Cuál es mejor? ¿Caducan? ¿Dónde me examino en Madrid?,"1,800+","/examenes-cambridge/, /preparacion-ielts/, /blog/el-first-caduca/",Te ayudamos a elegir y preparar tu certificado — consulta gratis,LOW
20,mejorar speaking inglés,Cómo Mejorar tu Speaking en Inglés: 8 Técnicas que Funcionan,/blog/como-mejorar-speaking-ingles/,mejorar speaking inglés,"practicar speaking, hablar inglés con fluidez, mejorar conversación inglés",¿Cómo puedo hablar inglés con más fluidez? ¿Qué técnicas funcionan? ¿Puedo practicar solo?,"1,500+","/clases-conversacion/, /cursos/, /blog/",Practica tu speaking con nativos — únete a nuestro conversation club,LOW