20 TITLE REWRITES — Impulse English Academy La Vaguada,,,,,,
"All copy in Spanish, ready to paste into Yoast / RankMath. One H1 per page. H2s = main sections. H3s = subsections.",,,,,,
,,,,,,
#,URL Slug,NEW Title Tag,NEW Meta Description,H1,H2 Headers,H3 Headers
1,/blog/escala-cambridge/,"Escala Cambridge: Puntuaciones, Niveles y Equivalencias [Guía 2026]","¿Qué puntuación necesitas en los exámenes Cambridge? Descubre la escala oficial, equivalencias entre niveles A2–C2 y cómo se calcula tu nota. Tabla actualizada 2026.","Escala Cambridge: Puntuaciones, Niveles y Equivalencias","• ¿Qué es la escala Cambridge?
• Tabla de puntuaciones por examen (A2 Key – C2 Proficiency)
• Equivalencias con el Marco Europeo (MCER)
• ¿Qué puntuación necesitas para aprobar cada nivel?
• Cómo interpretar tu resultado Cambridge
• Preguntas frecuentes sobre la escala Cambridge","• Puntuaciones A2 Key y Key for Schools
• Puntuaciones B1 Preliminary (PET)
• Puntuaciones B2 First (FCE)
• Puntuaciones C1 Advanced (CAE)
• Puntuaciones C2 Proficiency (CPE)
• ¿La puntuación caduca?
• ¿Puedes subir de nivel con la puntuación?"
2,/blog/validez-certificado-b2-cambridge/,¿Cuánto Dura el B2 de Cambridge? Validez y Caducidad [2026],"¿El certificado B2 First de Cambridge caduca? Te explicamos la validez oficial, qué instituciones lo aceptan sin límite y cuándo sí te pueden pedir renovarlo.",¿Cuánto Dura el B2 de Cambridge? Validez y Caducidad,"• ¿El B2 First Certificate caduca oficialmente?
• ¿Qué dice Cambridge Assessment sobre la validez?
• Instituciones que aceptan el B2 sin fecha de caducidad
• Cuándo sí te piden un certificado reciente
• B2 First vs otros certificados: comparativa de validez
• Consejos si tu B2 tiene más de 2 años","• Universidades españolas
• Empresas y ofertas de empleo
• Oposiciones en España
• B2 First vs IELTS (validez 2 años)
• B2 First vs Linguaskill
• B2 First vs TOEFL"
3,/blog/nota-aprobar-b2-first/,Nota para Aprobar el B2 First de Cambridge — Puntuación Mínima [2026],"¿Cuántos puntos necesitas para aprobar el B2 First? Nota mínima (160), escala de puntuación, qué pasa si sacas menos y cómo subir tu nota. Guía actualizada.",Nota para Aprobar el B2 First de Cambridge: Puntuación Mínima,"• ¿Cuál es la nota mínima para aprobar el B2 First?
• Escala de calificaciones del B2 First (Grade A, B, C)
• ¿Qué pasa si no llegas a la nota mínima?
• Puntuación por sección: Reading, Writing, Listening, Speaking
• Consejos para subir tu nota en cada parte
• ¿Merece la pena repetir el examen?","• Grade A (180–190): nivel C1
• Grade B (173–179): B2 alto
• Grade C (160–172): B2
• Level B1 (140–159): no aprobado
• Reading & Use of English
• Writing
• Listening
• Speaking"
4,/examenes-cambridge/c1-advanced/,"Examen C1 Advanced (CAE) Cambridge: Estructura, Precios y Preparación [2026]","Todo sobre el C1 Advanced de Cambridge: estructura del examen, precio en Madrid, fechas 2026, consejos de preparación y dónde presentarte. Centro preparador oficial.",Examen C1 Advanced (CAE) de Cambridge: Guía Completa,"• ¿Qué es el C1 Advanced (CAE)?
• Estructura del examen C1 Advanced: las 4 partes
• Precio del examen C1 en Madrid [2026]
• Fechas del C1 Advanced en Madrid 2026
• Cómo preparar el C1 Advanced paso a paso
• Resultados y certificado: ¿cuánto tarda?
• Preguntas frecuentes sobre el C1 Advanced","• Reading & Use of English (90 min)
• Writing (90 min)
• Listening (40 min)
• Speaking (15 min)
• Centros examinadores en Madrid
• Plan de estudio de 6 meses
• Plan de estudio de 3 meses (intensivo)
• Recursos gratuitos recomendados"
5,/blog/precio-cambridge-c1-madrid/,Precio Examen C1 Cambridge en Madrid — Tasas y Centros [2026],"¿Cuánto cuesta el examen C1 Advanced en Madrid? Precio oficial 2026, centros examinadores, tasas de inscripción y cómo ahorrar en tu matrícula. Incluye comparativa.",Precio del Examen C1 Cambridge en Madrid [2026],"• ¿Cuánto cuesta el examen C1 Advanced en Madrid?
• Precio del C1 por centro examinador en Madrid
• ¿Qué incluye el precio del examen?
• Cómo ahorrar en la matrícula del C1
• Comparativa de precio: C1 Advanced vs IELTS vs Linguaskill
• Fechas y plazos de inscripción 2026","• British Council Madrid
• Cambridge School / Exams Madrid
• IH Madrid
• Descuentos por inscripción anticipada
• Precios grupo academia
• C1 Advanced vs IELTS Academic
• C1 Advanced vs Linguaskill"
6,/blog/tiempo-b2-a-c1/,¿Cuánto Tiempo Se Tarda en Pasar de B2 a C1? Plan Realista [2026],"Pasar de B2 a C1 lleva entre 6 y 12 meses según tu dedicación. Te damos un plan realista con horas de estudio, recursos y plazos para conseguir el C1 Advanced.",¿Cuánto Tiempo Se Tarda en Pasar de B2 a C1?,"• ¿Cuántas horas necesitas para pasar de B2 a C1?
• Factores que afectan al tiempo de preparación
• Plan de estudio realista: B2 → C1 en 6 meses
• Plan intensivo: B2 → C1 en 3 meses
• Errores comunes que retrasan tu progreso
• ¿Merece la pena el salto de B2 a C1?","• Horas según el Marco Europeo (MCER)
• Dedicación semanal recomendada
• Nivel real de partida
• Exposición al inglés fuera de clase
• Mes 1–2: Consolidar gramática avanzada
• Mes 3–4: Speaking y Writing intensivo
• Mes 5–6: Simulacros de examen
• Ventajas del C1 en el mercado laboral"
7,/blog/b1-vs-b2-que-nivel-necesito/,B1 vs B2: ¿Qué Nivel de Inglés Necesitas? Comparativa Completa [2026],"¿No sabes si necesitas B1 o B2? Comparamos ambos niveles: para qué sirve cada uno, qué piden en oposiciones, universidad y trabajo, y cuál te conviene más.",B1 vs B2: ¿Qué Nivel de Inglés Necesitas?,"• Diferencias reales entre B1 y B2
• B1 vs B2: ¿qué nivel piden en cada situación?
• Comparativa de exámenes: B1 Preliminary vs B2 First
• ¿Es mucho el salto de B1 a B2?
• Test rápido: ¿eres B1 o B2?
• Cómo pasar de B1 a B2 en el menor tiempo posible","• Diferencias en gramática y vocabulario
• Diferencias en comprensión y expresión
• Para oposiciones
• Para universidad
• Para trabajo
• Para emigrar
• Estructura del examen
• Precio y duración
• Tasa de aprobados"
8,/blog/c1-advanced-caduca/,¿El C1 Advanced de Cambridge Caduca? Validez Oficial [2026],"¿Caduca el certificado C1 Advanced de Cambridge? Respuesta oficial: NO caduca, pero algunas instituciones piden certificados recientes. Te explicamos cuándo y dónde.",¿El C1 Advanced de Cambridge Caduca?,"• Respuesta oficial de Cambridge sobre la caducidad del C1
• Dónde aceptan el C1 Advanced sin límite de tiempo
• Cuándo te pueden pedir un certificado C1 reciente
• C1 Advanced vs IELTS vs Linguaskill: comparativa de validez
• ¿Necesitas renovar tu C1? Alternativas","• Universidades españolas y europeas
• Empresas privadas
• Oposiciones públicas
• IELTS: caduca a los 2 años
• Linguaskill: variable según la institución
• TOEFL: caduca a los 2 años
• Repetir el C1 Advanced
• Sacar el Linguaskill como alternativa rápida"
9,/blog/precio-b1-cambridge/,Precio Examen B1 Cambridge (PET) en Madrid — Guía Actualizada [2026],"¿Cuánto cuesta el examen B1 Preliminary (PET) de Cambridge en Madrid? Precio oficial 2026, dónde inscribirte y cómo prepararlo sin arruinarte. Comparativa incluida.",Precio del Examen B1 Cambridge (PET) en Madrid,"• ¿Cuánto cuesta el B1 Preliminary en Madrid en 2026?
• Centros examinadores y precios en Madrid
• ¿Qué incluye el precio de inscripción?
• Cómo ahorrar en el examen B1
• Comparativa de precios: B1 vs B2 vs Linguaskill
• Fechas disponibles y plazos en Madrid 2026","• British Council Madrid
• Cambridge Exam Centres Madrid
• Descuentos para estudiantes y grupos
• Inscripción anticipada
• B1 Preliminary vs B2 First
• B1 Preliminary vs Linguaskill
• B1 Preliminary vs IELTS"
10,/examenes-cambridge/fechas-precios/,Fechas y Precios Exámenes Cambridge Madrid 2026 | Calendario Oficial,"Calendario completo de exámenes Cambridge en Madrid 2026: fechas B1, B2, C1 y C2, precios por nivel, centros de examen y plazos de inscripción actualizados.",Fechas y Precios de los Exámenes Cambridge en Madrid [2026],"• Calendario de exámenes Cambridge Madrid 2026
• Precios de cada examen Cambridge en Madrid
• Centros examinadores oficiales en Madrid
• Plazos de inscripción: ¿cuándo es el último día?
• Cómo inscribirse paso a paso
• Consejos para elegir la convocatoria adecuada","• Fechas B1 Preliminary (PET)
• Fechas B2 First (FCE)
• Fechas C1 Advanced (CAE)
• Fechas C2 Proficiency (CPE)
• Precio B1 Preliminary
• Precio B2 First
• Precio C1 Advanced
• Precio C2 Proficiency
• Convocatoria de junio vs diciembre"
11,/blog/b1-universidad-espana/,¿Necesitas B1 para la Universidad en España? Requisitos por Comunidad [2026],"¿Es obligatorio el B1 para graduarte en la universidad en España? Requisitos actualizados por comunidad autónoma, qué certificados aceptan y cómo sacarlo rápido.",¿Necesitas B1 para la Universidad en España?,"• ¿Es obligatorio el B1 para graduarte?
• Requisitos de inglés por comunidad autónoma
• Certificados de B1 aceptados por las universidades
• ¿Qué pasa si no tienes el B1 al graduarte?
• Cómo sacarte el B1 rápido si lo necesitas ya
• Preguntas frecuentes sobre el B1 universitario","• Comunidad de Madrid
• Cataluña
• Andalucía
• Comunidad Valenciana
• País Vasco
• Cambridge B1 Preliminary
• Linguaskill
• Escuela Oficial de Idiomas
• Aptis
• Trinity"
12,/blog/cambridge-b1-guia/,Guía Completa Examen B1 Preliminary Cambridge: Estructura y Consejos [2026],"Todo lo que necesitas saber del B1 Preliminary (PET) de Cambridge: estructura del examen, duración, tipo de preguntas, puntuación y 8 consejos para aprobar a la primera.",Guía Completa del Examen B1 Preliminary (PET) de Cambridge,"• ¿Qué es el B1 Preliminary (PET) de Cambridge?
• Estructura del examen B1: las 4 partes
• Puntuación y nota para aprobar el B1
• ¿Cuánto dura el examen B1 Preliminary?
• 8 consejos para aprobar el B1 a la primera
• ¿Dónde presentarte al B1 en Madrid?","• Reading (45 min — 6 partes)
• Writing (45 min — 2 partes)
• Listening (30 min — 4 partes)
• Speaking (12 min — 4 partes)
• Escala de puntuación (120–170)
• Nota mínima para aprobar
• Consejo 1: Practica con exámenes reales
• Consejo 2: Controla el tiempo"
13,/blog/examen-cae-cambridge/,Examen C1 Advanced (CAE) Cambridge: Todo lo que Necesitas Saber [2026],"Guía completa del examen CAE (C1 Advanced) de Cambridge: partes del examen, duración, puntuaciones, precio en Madrid y claves para aprobar en 2026.",Examen CAE (C1 Advanced) de Cambridge: Guía Definitiva,"• ¿Qué es el examen CAE (C1 Advanced)?
• Las 4 partes del examen CAE en detalle
• Puntuación y nota mínima para aprobar
• Precio y fechas del CAE en Madrid 2026
• Diferencia entre el CAE y el C1 Advanced
• Recursos y libros recomendados para preparar el CAE","• Reading & Use of English (90 min)
• Writing (90 min)
• Listening (40 min)
• Speaking (15 min)
• Grade A, B y C: ¿qué significan?
• ¿Qué pasa si sacas Grade B o C?
• Libros oficiales de Cambridge
• Plataformas online gratuitas"
14,/linguaskill/,Examen Linguaskill Cambridge | Centro Oficial en Madrid — Impulse English,"Haz tu examen Linguaskill en Madrid con Impulse English Academy. Resultados en 48h, desde casa o presencial. Precio, fechas y todo lo que necesitas saber.",Examen Linguaskill en Madrid: Centro Oficial Cambridge,"• ¿Qué es Linguaskill?
• Tipos de Linguaskill: General vs Business
• Cómo funciona el examen Linguaskill
• Precio del Linguaskill en Madrid
• Fechas y disponibilidad: ¿cuándo puedes hacerlo?
• ¿Para qué sirve el certificado Linguaskill?
• Por qué preparar tu Linguaskill con Impulse English","• Linguaskill General
• Linguaskill Business
• Reading & Listening (adaptativo)
• Writing
• Speaking
• Oposiciones que aceptan Linguaskill
• Universidades que aceptan Linguaskill
• Empresas que piden Linguaskill"
15,/blog/tiempo-preparacion-b2-first/,¿Cuánto Tiempo Se Necesita para Preparar el B2 First? Plan de Estudio [2026],"¿Cuántos meses necesitas para preparar el B2 First? Depende de tu nivel actual. Te damos plazos realistas, un plan de estudio y los recursos imprescindibles.",¿Cuánto Tiempo Se Necesita para Preparar el B2 First?,"• Tiempo de preparación según tu nivel de partida
• Plan de estudio para preparar el B2 en 6 meses
• Plan intensivo: preparar el B2 en 3 meses
• ¿Puedes preparar el B2 en 1 mes?
• Recursos imprescindibles para preparar el B2 First
• Errores que alargan la preparación (y cómo evitarlos)","• Desde nivel A2: 9–12 meses
• Desde nivel B1: 4–6 meses
• Desde nivel B1+: 2–3 meses
• Mes 1–2: Base gramatical y vocabulario
• Mes 3–4: Práctica por secciones
• Mes 5–6: Simulacros completos
• Libros oficiales
• Apps y plataformas
• Podcasts y series en inglés"
16,/blog/es-dificil-b2-first/,¿Es Difícil el B2 First de Cambridge? Nivel Real y Consejos para Aprobar [2026],"¿Es difícil aprobar el B2 First? Te contamos el nivel real que necesitas, la tasa de aprobados, las partes más difíciles y 6 consejos de profesores nativos.",¿Es Difícil el B2 First de Cambridge?,"• Nivel real necesario para el B2 First
• Tasa de aprobados: ¿cuánta gente aprueba?
• Las partes más difíciles del B2 First (y las más fáciles)
• 6 consejos de profesores nativos para aprobar
• ¿Qué pasa si suspendes? Opciones y siguiente paso
• Por qué prepararte con una academia marca la diferencia","• Gramática que necesitas dominar
• Vocabulario mínimo
• Reading & Use of English: la parte más temida
• Writing: ensayos y emails formales
• Listening: acentos variados
• Speaking: el nervio del face-to-face"
17,/academias-ingles-madrid/adultos/,Clases de Inglés para Adultos en Madrid | Horarios Flexibles — Impulse English,"Clases de inglés para adultos en Madrid con horarios de mañana, tarde y noche. Grupos reducidos, profesores nativos y niveles desde A1 hasta C2. Prueba de nivel gratis.",Clases de Inglés para Adultos en Madrid,"• ¿Por qué aprender inglés de adulto en Madrid?
• Nuestros cursos de inglés para adultos
• Horarios flexibles: mañana, tarde y noche
• Metodología para adultos: así aprendemos
• Precios y opciones de pago
• Prueba de nivel gratuita: empieza aquí","• Inglés general (A1–C2)
• Preparación de exámenes Cambridge
• Inglés conversacional
• Inglés para profesionales
• Clases presenciales en Barrio del Pilar
• Clases online en directo
• Formato híbrido"
18,/blog/cuanto-tiempo-aprender-ingles/,¿Cuánto Tiempo Se Tarda en Aprender Inglés? Plazos Realistas por Nivel [2026],"¿Cuánto tiempo necesitas para aprender inglés? Plazos realistas por nivel (A1–C2), horas según Cambridge y el MCER, y consejos para acelerar tu progreso.",¿Cuánto Tiempo Se Tarda en Aprender Inglés?,"• Horas necesarias por nivel según Cambridge y el MCER
• ¿Cuántos meses tardas según tu dedicación semanal?
• Factores que aceleran (o frenan) tu aprendizaje
• Plan realista para adultos que trabajan
• Los atajos que SÍ funcionan
• Preguntas frecuentes sobre tiempos de aprendizaje","• De cero a A2: 180–200 horas
• De A2 a B1: 200 horas
• De B1 a B2: 200 horas
• De B2 a C1: 200–300 horas
• 2 horas/semana: el plan tranquilo
• 5 horas/semana: el plan estándar
• 10+ horas/semana: el plan intensivo
• Inmersión real en Madrid
• Práctica diaria con apps
• Clases con nativos"
19,/blog/diferencia-b2-c1/,Diferencia entre B2 y C1 de Inglés: ¿Cuál Necesitas Realmente? [2026],"¿Cuál es la diferencia real entre B2 y C1 de inglés? Comparamos gramática, vocabulario, exámenes, salidas laborales y te ayudamos a decidir cuál necesitas.",Diferencia entre B2 y C1 de Inglés: ¿Cuál Necesitas?,"• Diferencias reales entre B2 y C1
• B2 First vs C1 Advanced: comparativa de exámenes
• ¿Qué nivel piden en el mercado laboral?
• ¿Merece la pena dar el salto de B2 a C1?
• Cómo saber si estás listo para el C1
• Plan de acción: de B2 a C1 en 6 meses","• Gramática: lo que cambia de B2 a C1
• Vocabulario: amplitud y precisión
• Writing: la mayor diferencia
• Speaking: fluidez vs precisión
• Estructura del B2 First vs C1 Advanced
• Precio del B2 vs C1
• Sectores que piden C1
• Sectores donde basta con B2"
20,/blog/mejores-academias-madrid-norte/,Las 8 Mejores Academias de Inglés en Madrid Norte [Ranking 2026],"Ranking actualizado de las mejores academias de inglés en Madrid Norte (Barrio del Pilar, Montecarmelo, Las Tablas, Mirasierra). Precios, opiniones y comparativa.",Las 8 Mejores Academias de Inglés en Madrid Norte,"• Cómo hemos elaborado este ranking
• Las 8 mejores academias de inglés en Madrid Norte
• Comparativa rápida: precios, horarios y metodología
• ¿Qué debes tener en cuenta al elegir academia?
• Opiniones reales de alumnos en Madrid Norte
• Preguntas frecuentes","• 1. Impulse English Academy La Vaguada (Barrio del Pilar)
• 2. [Competidor 2]
• 3. [Competidor 3]
• 4. [Competidor 4]
• 5–8. [Competidores 5–8]
• Precio mensual
• Tamaño de grupo
• Profesores nativos vs bilingües
• Preparación Cambridge
• Flexibilidad horaria"